freelancer_key,freelancer_ID,name,gender,age,is_active
1,FL250001,Ms. Nicole Kidd,F,52,No
2,FL250002,Vanessa Garcia,F,52,Yes
3,FL250003,Juan Nelson,M,53,No
4,FL250004,Amanda Spencer,F,38,No
5,FL250005,Lynn Curtis DDS,F,53,No
6,FL250006,Lisa Johnson,F,59,
7,FL250007,Eric Myers,M,52,No
8,FL250008,Ricky Graham,M,43,
9,FL250009,Sean Martin,M,26,
10,FL250010,Matthew Lloyd,M,52,Yes
11,FL250011,Gavin Randall,M,40,Yes
12,FL250012,Michelle Curtis,F,55,Yes
13,FL250013,Alice Schneider,F,57,No
14,FL250014,Phillip Shelton,M,38,Yes
15,FL250015,Edward Ferguson,M,50,Yes
16,FL250016,Wyatt Stout,M,42,No
17,FL250017,Laura Johnson,F,39,
18,FL250018,Scott Burns,M,56,
19,FL250019,Tyler Aguirre,M,56,No
20,FL250020,Matthew Lawson,M,57,Yes
21,FL250021,James Cherry,M,,
22,FL250022,Samuel Sanford,M,51,No
23,FL250023,Cesar Greene,M,51,No
24,FL250024,Melanie Carter,F,51,Yes
25,FL250025,Jennifer Martin,F,54,
26,FL250026,Anna Mccann,F,22,Yes
27,FL250027,Marissa Bass,F,34,
28,FL250028,Alexis Day,F,36,Yes
29,FL250029,Megan Jones,F,47,No
30,FL250030,Lori Smith,F,41,No
31,FL250031,Eric Carpenter,M,22,Yes
32,FL250032,Timothy Daniels,M,38,No
33,FL250033,Robert Nelson,M,46,
34,FL250034,Michael Anderson,M,,Yes
35,FL250035,Jessica Snyder,F,54,Yes
36,FL250036,Emily Daniels,F,52,No
37,FL250037,Jamie Ramirez,F,42,No
38,FL250038,Amy Harrison,F,29,No
39,FL250039,Melinda White,F,42,Yes
40,FL250040,James Hernandez,M,60,No
41,FL250041,Angelica Rogers,F,59,No
42,FL250042,Savannah Williams,F,21,Yes
43,FL250043,Kaitlyn Schmidt,F,35,No
44,FL250044,Jason Singh,M,41,
45,FL250045,Michelle Ramirez,F,51,
46,FL250046,James Brown,M,41,Yes
47,FL250047,Mrs. Samantha Simmons,F,47,Yes
48,FL250048,Chase Mason,M,25,No
49,FL250049,Dominique Ward,F,25,No
50,FL250050,Lance Griffin,M,29,Yes
51,FL250051,Julie Burgess,F,23,
52,FL250052,Don Scott,M,31,No
53,FL250053,Kyle Atkinson,M,51,
54,FL250054,Jimmy Hogan,M,,No
55,FL250055,Jennifer Mcintyre,F,29,
56,FL250056,Larry Simpson,M,50,Yes
57,FL250057,Laura Price,F,26,
58,FL250058,Mark Wright,M,38,
59,FL250059,Samantha Mcdaniel,F,23,Yes
60,FL250060,Barbara Foster,F,51,No
61,FL250061,Courtney Tran,F,51,
62,FL250062,Eddie Todd,M,47,No
63,FL250063,Christine Johnson,F,34,Yes
64,FL250064,Leah Phelps,F,58,No
65,FL250065,Rebekah Williams,F,50,Yes
66,FL250066,Crystal Wilson,F,34,Yes
67,FL250067,Ashley Cordova,F,45,No
68,FL250068,Vicki Kelly,F,55,
69,FL250069,Corey Warren,M,,
70,FL250070,Gina Thompson,F,60,No
71,FL250071,Yvonne Berg,F,33,Yes
72,FL250072,Thomas Miller,M,60,
73,FL250073,Nicholas Burton,M,40,Yes
74,FL250074,Jorge Riley,M,59,
75,FL250075,Melvin Harris,M,36,No
76,FL250076,Jeremy Meyer,M,32,
77,FL250077,Timothy Lee,M,59,Yes
78,FL250078,Diana Bautista,F,54,No
79,FL250079,Leslie Rodriguez,F,37,Yes
80,FL250080,Noah Wiggins,M,54,
81,FL250081,Bridget Williams,F,33,No
82,FL250082,Veronica Baker,F,25,
83,FL250083,Andrew Avila,M,,No
84,FL250084,Michael Roberson,M,35,
85,FL250085,Austin Jenkins,M,59,
86,FL250086,Brenda Green,F,21,Yes
87,FL250087,Samuel Pierce,M,25,No
88,FL250088,Briana Smith,F,38,
89,FL250089,Ronald Barrett,M,57,
90,FL250090,Matthew Smith,M,32,No
91,FL250091,Logan Huang,M,21,Yes
92,FL250092,Miranda Hutchinson,F,57,Yes
93,FL250093,Paul Richardson,M,53,Yes
94,FL250094,Jose Jones,M,35,Yes
95,FL250095,Denise Smith,F,54,No
96,FL250096,Shelby Mcmahon,F,36,Yes
97,FL250097,Bethany Wright,F,49,No
98,FL250098,David Ortiz,M,37,No
99,FL250099,Andrew Lynch,M,,No
100,FL250100,Kristopher Meyers,M,32,
101,FL250101,Thomas Roth,M,35,Yes
102,FL250102,Vicki Brown,F,51,No
103,FL250103,Stacy Sutton,F,50,Yes
104,FL250104,Kimberly Holland,F,21,Yes
105,FL250105,Travis Richardson,M,25,No
106,FL250106,Jasmin Ho,F,57,No
107,FL250107,Mark Paul,M,58,Yes
108,FL250108,Jennifer Lewis,F,45,Yes
109,FL250109,Elizabeth Lester,F,23,Yes
110,FL250110,Kimberly Griffin,F,46,
111,FL250111,Tyler Warner,M,27,No
112,FL250112,Jane Cox,F,32,Yes
113,FL250113,Leah Williams,F,48,
114,FL250114,Kevin Wong,M,30,
115,FL250115,Robert Andrews,M,59,
116,FL250116,Jessica Torres,F,32,No
117,FL250117,Teresa Kim,F,57,Yes
118,FL250118,Jon Morgan,M,27,Yes
119,FL250119,Gloria Chaney,F,33,
120,FL250120,Jesse Campbell,M,29,Yes
121,FL250121,Allison Tucker MD,F,36,Yes
122,FL250122,Candice Petersen,F,47,
123,FL250123,Christopher Nichols,M,48,Yes
124,FL250124,Debra Garcia,F,27,
125,FL250125,Andrew Fuentes,M,34,No
126,FL250126,Jason Carter,M,49,Yes
127,FL250127,Austin Romero,M,30,Yes
128,FL250128,Clayton Burns,M,31,No
129,FL250129,Jonathan Clark,M,58,No
130,FL250130,Alexander Griffin,M,47,
131,FL250131,Shelly Whitehead,F,45,No
132,FL250132,Kaitlyn Davis,F,57,No
133,FL250133,Christopher Jones,M,50,No
134,FL250134,Cindy Jacobs,F,,
135,FL250135,Penny Day,F,45,Yes
136,FL250136,Thomas Ingram,M,60,No
137,FL250137,Donna Hansen,F,43,Yes
138,FL250138,Donna Bailey,F,39,No
139,FL250139,Joshua Armstrong,M,26,No
140,FL250140,Jonathan Garza,M,31,
141,FL250141,Charles Jones,M,52,Yes
142,FL250142,Lindsey Miles,F,34,Yes
143,FL250143,Eduardo Reed,M,45,Yes
144,FL250144,Lee Fowler,M,46,No
145,FL250145,Steven Jones Jr.,M,56,
146,FL250146,Ashley Chen,F,59,
147,FL250147,Erica Davis,F,54,
148,FL250148,Wayne Gonzales,M,36,No
149,FL250149,Gary Ballard,M,25,No
150,FL250150,Maria Mcguire,F,37,
151,FL250151,Matthew Richards,M,,
152,FL250152,Patrick Malone,M,29,No
153,FL250153,Cindy Martin,F,55,Yes
154,FL250154,Anne Edwards,F,38,No
155,FL250155,Mitchell Martin,M,47,Yes
156,FL250156,Mitchell Patrick,M,60,No
157,FL250157,Rebecca Lyons,F,43,No
158,FL250158,Christian Lopez,M,56,No
159,FL250159,Nathan Blair,M,42,
160,FL250160,Patricia Lopez,F,20,No
161,FL250161,Michelle Wu,F,47,No
162,FL250162,Donald Mitchell,M,,No
163,FL250163,Sean Gordon,M,56,No
164,FL250164,Gregory Clarke,M,59,No
165,FL250165,Steven Whitney,M,56,
166,FL250166,Robin Acosta,F,31,Yes
167,FL250167,John Smith,M,60,Yes
168,FL250168,Susan Baker,F,31,No
169,FL250169,Anthony Larsen,M,60,No
170,FL250170,Nicholas Carpenter,M,46,No
171,FL250171,Debra Salazar,F,,No
172,FL250172,William Smith,M,34,No
173,FL250173,Caroline Gross,F,42,Yes
174,FL250174,Jeremy Sawyer,M,31,
175,FL250175,Eduardo Burns,M,29,
176,FL250176,Amanda Jones,F,57,No
177,FL250177,Frederick Ware,M,47,Yes
178,FL250178,Michael Black,M,47,
179,FL250179,Patricia Sanders,F,45,Yes
180,FL250180,Marc Joseph,M,24,No
181,FL250181,Vanessa White,F,31,
182,FL250182,Jennifer Garcia,F,20,No
183,FL250183,Michael Zavala,M,38,No
184,FL250184,Kimberly Williams,F,33,Yes
185,FL250185,Elizabeth Jenkins,F,31,Yes
186,FL250186,Brandon Ford,M,41,Yes
187,FL250187,Justin House,M,54,
188,FL250188,Henry Mullen,M,50,Yes
189,FL250189,Jesse Cochran,M,48,Yes
190,FL250190,Melissa Rich,F,49,No
191,FL250191,Patrick Dunlap,M,21,No
192,FL250192,Troy Carson,M,58,No
193,FL250193,Matthew Smith,M,41,
194,FL250194,Jennifer Cherry,F,58,Yes
195,FL250195,Brandi Tucker,F,50,Yes
196,FL250196,Zachary Burke,M,52,
197,FL250197,Thomas Jones,M,34,No
198,FL250198,Brian Dunn,M,32,
199,FL250199,Shirley Strickland,F,50,Yes
200,FL250200,Nicole Meyers,F,39,Yes
201,FL250201,Jill Stephens,F,25,No
202,FL250202,Heidi Miranda,F,55,Yes
203,FL250203,Jesus Martinez,M,42,Yes
204,FL250204,Adam Payne,M,43,No
205,FL250205,Walter Williams,M,54,No
206,FL250206,Shannon Farmer,F,21,No
207,FL250207,Peter Reyes,M,46,
208,FL250208,Kristen Knight,F,30,No
209,FL250209,William Moore Jr.,M,36,No
210,FL250210,Jennifer Rowe,F,47,Yes
211,FL250211,Mikayla Henry,F,43,
212,FL250212,Jacob Kerr,M,57,Yes
213,FL250213,Ryan Johnson,M,52,No
214,FL250214,Michael Ruiz,M,,No
215,FL250215,Monica Roberts,F,22,
216,FL250216,Danny Brown,M,,
217,FL250217,Karen Larsen,F,58,No
218,FL250218,Robert Evans,M,39,Yes
219,FL250219,Sean Poole,M,32,No
220,FL250220,Richard Quinn,M,37,Yes
221,FL250221,Jennifer Gonzalez,F,21,Yes
222,FL250222,James Skinner,M,41,
223,FL250223,Michelle Hill,F,21,No
224,FL250224,Jacqueline Williams,F,58,Yes
225,FL250225,Darrell Johnson,M,60,
226,FL250226,Ryan Crawford,M,27,
227,FL250227,Chelsea Barber,F,29,
228,FL250228,Elaine Martinez,F,54,Yes
229,FL250229,Joseph Kent,M,52,No
230,FL250230,Megan Welch,F,55,No
231,FL250231,Stephen Ramirez,M,37,No
232,FL250232,Chloe Gray,F,34,Yes
233,FL250233,Michael Williams Jr.,M,20,
234,FL250234,Matthew Martin,M,22,Yes
235,FL250235,Julia Murphy,F,23,
236,FL250236,Anna Evans,F,53,Yes
237,FL250237,Brenda Fleming,F,56,
238,FL250238,Daniel Harrington,M,27,No
239,FL250239,Daniel Barnett,M,34,
240,FL250240,Mark Cummings,M,29,No
241,FL250241,Christopher Guerra,M,34,Yes
242,FL250242,Sarah Ho,F,32,No
243,FL250243,Veronica Thomas,F,21,
244,FL250244,Mitchell Watson,M,20,
245,FL250245,Monica Murphy,F,35,
246,FL250246,Kristen Williams,F,47,No
247,FL250247,Nicole Wright,F,41,Yes
248,FL250248,Andrew Ruiz,M,58,
249,FL250249,Zachary Jackson,M,34,Yes
250,FL250250,Stephanie Carter,F,50,Yes
251,FL250251,Amy Olson,F,42,No
252,FL250252,Fred Stark,M,43,No
253,FL250253,Jacob Gill,M,34,Yes
254,FL250254,Anthony Nichols,M,24,
255,FL250255,William Knapp,M,48,Yes
256,FL250256,Elizabeth Walker,F,39,
257,FL250257,Brenda Reeves,F,57,
258,FL250258,Carrie Little,F,44,No
259,FL250259,Steven Jackson,M,37,Yes
260,FL250260,Mark Perry,M,50,No
261,FL250261,Cameron Spencer,M,50,No
262,FL250262,Jennifer Holmes,F,28,Yes
263,FL250263,Jacob Joseph,M,48,No
264,FL250264,Jeffery Tucker,M,42,Yes
265,FL250265,Jacqueline Drake,F,37,
266,FL250266,Brian Bautista,M,21,Yes
267,FL250267,Dakota Wells,M,50,
268,FL250268,Julie White,F,22,
269,FL250269,Barbara Keith,F,39,No
270,FL250270,Heather Camacho,F,25,Yes
271,FL250271,Melanie Harris,F,47,
272,FL250272,Jacqueline Peterson,F,35,
273,FL250273,Nancy Long,F,,No
274,FL250274,Mr. Juan Mitchell,M,35,Yes
275,FL250275,William Gaines,M,59,
276,FL250276,Haley Yates,F,26,No
277,FL250277,Richard Mcguire,M,44,Yes
278,FL250278,Stephanie Fisher,F,31,Yes
279,FL250279,Anthony Goodwin DDS,M,60,No
280,FL250280,Meagan Walters,F,23,No
281,FL250281,David Powell,M,42,No
282,FL250282,Kelly Jones,F,48,No
283,FL250283,Dr. Michael Aguilar,M,42,Yes
284,FL250284,Alex Novak,M,52,
285,FL250285,Ann Contreras,F,55,
286,FL250286,Mary Reed,F,58,No
287,FL250287,Lauren Ross,F,46,
288,FL250288,Candice Wise,F,45,Yes
289,FL250289,Joyce Humphrey,F,56,Yes
290,FL250290,James Carr,M,44,Yes
291,FL250291,Joseph Mendoza,M,46,No
292,FL250292,Cathy Baldwin,F,27,Yes
293,FL250293,Christine Hart,F,49,Yes
294,FL250294,Mike Stanley,M,53,No
295,FL250295,Jeffrey Edwards,M,56,Yes
296,FL250296,Amy Lee,F,56,Yes
297,FL250297,Mark Thompson,M,38,
298,FL250298,Alex Wilson,M,20,
299,FL250299,Nancy Mendez,F,38,
300,FL250300,Beth Crane,F,,No
301,FL250301,Miguel Rogers,M,46,Yes
302,FL250302,Thomas Robles,M,36,No
303,FL250303,Joel Brown III,M,33,
304,FL250304,Olivia Schultz,F,37,No
305,FL250305,Clayton Pena,M,20,
306,FL250306,Ashley Salazar,F,48,No
307,FL250307,Robert Lucas,M,27,No
308,FL250308,David Cox,M,34,Yes
309,FL250309,Christian Campbell,M,55,Yes
310,FL250310,Mrs. Angela Ward,F,44,No
311,FL250311,Lucas Chen,M,31,No
312,FL250312,Ruben Nelson,M,34,
313,FL250313,Brenda Briggs,F,47,
314,FL250314,Ronald Smith,M,50,
315,FL250315,Dakota Giles,M,39,Yes
316,FL250316,Angela Castillo,F,26,Yes
317,FL250317,Allen Lee,M,,No
318,FL250318,Michael Rogers,M,32,Yes
319,FL250319,Danielle Costa,F,55,
320,FL250320,William Nunez,M,32,Yes
321,FL250321,Christopher Riggs,M,30,No
322,FL250322,Kathryn Myers,F,37,Yes
323,FL250323,Robert Walls,M,52,Yes
324,FL250324,Justin Johnson,M,48,Yes
325,FL250325,Paula Stevens,F,28,Yes
326,FL250326,Jennifer Allen,F,58,Yes
327,FL250327,Mark Hudson,M,30,
328,FL250328,Jessica Smith,F,47,No
329,FL250329,Mike Dean,M,44,
330,FL250330,Jose Wilson,M,56,Yes
331,FL250331,Tammy Hill,F,53,No
332,FL250332,Nathaniel Flores,M,59,Yes
333,FL250333,Edwin Carter,M,60,
334,FL250334,Patricia Miller,F,33,Yes
335,FL250335,Rebecca Schneider,F,21,
336,FL250336,John Greene,M,54,No
337,FL250337,Brittany Mcdowell,F,33,No
338,FL250338,Lori Miller,F,57,
339,FL250339,Joseph Robinson,M,36,Yes
340,FL250340,Aaron Pruitt,M,50,No
341,FL250341,Victoria Miller,F,37,No
342,FL250342,Clarence Vega,M,53,No
343,FL250343,Deborah Day,F,22,No
344,FL250344,Nicole Rocha,F,55,Yes
345,FL250345,Elijah Green,M,22,No
346,FL250346,Emily Johnson,F,45,No
347,FL250347,Richard Velasquez Jr.,M,36,No
348,FL250348,Kurt Wilson,M,23,Yes
349,FL250349,Jeremiah Rodriguez,M,55,
350,FL250350,Lauren Lang,F,50,No
351,FL250351,Matthew Phillips,M,48,No
352,FL250352,Michael Andersen,M,23,Yes
353,FL250353,Amanda Mayo,F,49,No
354,FL250354,Jessica Vance,F,47,
355,FL250355,Alexa Gallegos,F,56,Yes
356,FL250356,Charles Pratt,M,58,No
357,FL250357,Brian Baker,M,32,No
358,FL250358,Christina Norman,F,52,No
359,FL250359,Laura Kelly,F,22,
360,FL250360,John Webb,M,20,Yes
361,FL250361,Christopher Burton,M,56,No
362,FL250362,Bradley Aguilar,M,41,Yes
363,FL250363,Arthur Vasquez,M,25,No
364,FL250364,Angela Castro,F,44,Yes
365,FL250365,Summer Yoder,F,46,
366,FL250366,Jackie Allen,F,40,
367,FL250367,Brandon Williams,M,,Yes
368,FL250368,Manuel Torres,M,31,No
369,FL250369,Scott Keller,M,33,Yes
370,FL250370,Deborah Brown,F,31,No
371,FL250371,Jennifer Lara,F,49,No
372,FL250372,Jason Scott,M,35,
373,FL250373,Gregory Garrison,M,45,Yes
374,FL250374,Chelsea Anderson,F,39,Yes
375,FL250375,Gerald Johnson,M,,Yes
376,FL250376,Kevin Ellis,M,24,
377,FL250377,Mitchell Keller,M,50,Yes
378,FL250378,Mary Brown,F,23,
379,FL250379,Ronald Walls,M,27,No
380,FL250380,Anthony Avila,M,58,No
381,FL250381,Douglas Goodwin,M,37,Yes
382,FL250382,James Mills,M,39,Yes
383,FL250383,Nicole Marks,F,46,
384,FL250384,Phyllis Dawson,F,,No
385,FL250385,Renee Arnold,F,39,
386,FL250386,Eric Robinson,M,59,No
387,FL250387,Paul Brown,M,21,Yes
388,FL250388,Sarah Proctor,F,23,Yes
389,FL250389,Matthew Hicks,M,27,No
390,FL250390,Christopher Black,M,27,No
391,FL250391,Joanne Reyes,F,48,No
392,FL250392,Isaac Gray,M,21,Yes
393,FL250393,Joshua Roberts,M,37,No
394,FL250394,Elizabeth Estrada,F,31,No
395,FL250395,Lori Malone,F,41,Yes
396,FL250396,Anthony Huynh MD,M,31,Yes
397,FL250397,Mindy York,F,58,No
398,FL250398,Ms. Christine Cherry,F,45,Yes
399,FL250399,Daniel Foster,M,51,Yes
400,FL250400,Mr. David Valencia,M,54,No
401,FL250401,Ethan Adams,M,22,No
402,FL250402,Brett Moore,M,36,
403,FL250403,Phillip Griffin,M,50,No
404,FL250404,Stacie Wall,F,41,Yes
405,FL250405,Jacob Austin,M,,Yes
406,FL250406,Sabrina Davidson,F,51,No
407,FL250407,Dustin Douglas,M,21,Yes
408,FL250408,Steven Norris,M,51,Yes
409,FL250409,Mindy Sullivan,F,37,No
410,FL250410,Elizabeth Stone,F,20,No
411,FL250411,Diane Flores,F,50,
412,FL250412,Jessica Erickson,F,58,Yes
413,FL250413,Sara Moses,F,40,No
414,FL250414,Allison Henderson,F,26,No
415,FL250415,Susan Dixon,F,44,Yes
416,FL250416,David Morrison,M,42,No
417,FL250417,Jason Carter,M,38,No
418,FL250418,James Jacobs,M,51,
419,FL250419,Kathleen Quinn,F,36,Yes
420,FL250420,Natalie Frank MD,F,37,No
421,FL250421,Michael Reed,M,31,Yes
422,FL250422,Sheila Smith,F,47,Yes
423,FL250423,Morgan Ford,F,60,
424,FL250424,Linda Schultz,F,48,No
425,FL250425,Regina Daniel,F,24,Yes
426,FL250426,Allison Perkins,F,35,
427,FL250427,Bradley Weaver,M,35,Yes
428,FL250428,Sarah Hall,F,29,No
429,FL250429,Diana Walton,F,36,
430,FL250430,Donna Davis,F,44,
431,FL250431,Christopher Mcclain,M,44,No
432,FL250432,Dr. Paul Williamson,M,40,Yes
433,FL250433,Barbara Brown,F,53,Yes
434,FL250434,Kimberly Allen,F,35,
435,FL250435,Elizabeth Edwards,F,27,Yes
436,FL250436,Anthony Downs,M,34,Yes
437,FL250437,Jack Ortega,M,24,No
438,FL250438,Marvin Moore,M,57,No
439,FL250439,Tony French,M,28,
440,FL250440,Stacy Hudson,F,26,Yes
441,FL250441,Scott Washington,M,34,No
442,FL250442,Timothy Wright,M,43,
443,FL250443,Joseph Gonzalez,M,31,Yes
444,FL250444,Andrea Perez,F,34,
445,FL250445,Angel Collins,F,32,Yes
446,FL250446,Daniel Terry,M,24,Yes
447,FL250447,Steven Whitaker,M,35,No
448,FL250448,Denise Neal,F,22,No
449,FL250449,Amanda Jacobs,F,55,Yes
450,FL250450,Karen Mercer,F,54,
451,FL250451,Lindsay Hudson,F,36,
452,FL250452,Stephanie Armstrong,F,36,
453,FL250453,Dr. Jessica Campbell,F,25,Yes
454,FL250454,Curtis Maxwell,M,46,Yes
455,FL250455,Adam Kelly PhD,M,41,
456,FL250456,Julie Becker,F,21,No
457,FL250457,James Moore,M,29,No
458,FL250458,Danielle Barrera,F,44,No
459,FL250459,David Sanchez,M,40,Yes
460,FL250460,Tiffany Bowman,F,27,
461,FL250461,Jesus Quinn,M,53,Yes
462,FL250462,Mr. Danny Morris DDS,M,20,No
463,FL250463,Nicole York,F,,Yes
464,FL250464,John Mathis,M,26,No
465,FL250465,Julie Barnett,F,49,
466,FL250466,Jasmine Harris,F,20,Yes
467,FL250467,Mary Henry,F,39,
468,FL250468,Judith Riggs,F,41,Yes
469,FL250469,Justin Ruiz,M,59,Yes
470,FL250470,Jennifer Sullivan,F,45,No
471,FL250471,Jesse Moran,M,22,Yes
472,FL250472,Monica Smith,F,48,Yes
473,FL250473,Ian May,M,36,
474,FL250474,Kayla Meyers,F,57,Yes
475,FL250475,John Bray,M,42,No
476,FL250476,James Smith,M,31,No
477,FL250477,Mark Duncan,M,52,Yes
478,FL250478,Matthew Gay,M,56,Yes
479,FL250479,Cheryl Freeman,F,24,Yes
480,FL250480,Patrick Welch,M,48,Yes
481,FL250481,Craig Levine,M,59,No
482,FL250482,Richard Harvey,M,,Yes
483,FL250483,Bonnie Sherman,F,,No
484,FL250484,Keith Trujillo,M,25,Yes
485,FL250485,Corey Combs,M,31,
486,FL250486,Antonio King,M,40,
487,FL250487,Amy Lee,F,48,
488,FL250488,Jennifer Rogers,F,24,Yes
489,FL250489,Jeffrey Cooper,M,33,Yes
490,FL250490,Allison Williams,F,43,Yes
491,FL250491,Raymond Sherman,M,43,
492,FL250492,Jennifer Nelson,F,33,Yes
493,FL250493,Jennifer Carter,F,49,
494,FL250494,Todd Williams,M,55,No
495,FL250495,Emily Horton,F,33,
496,FL250496,Lance Lester,M,32,No
497,FL250497,Kevin Flores,M,58,Yes
498,FL250498,Aaron Stewart PhD,M,49,No
499,FL250499,Robin Moore,F,22,Yes
500,FL250500,Suzanne Ingram,F,40,Yes
501,FL250501,Jacob Mclaughlin,M,55,No
502,FL250502,Michael Nunez,M,32,Yes
503,FL250503,Isabel Brown,F,21,Yes
504,FL250504,Michael Stein,M,23,No
505,FL250505,Robert Stone,M,21,No
506,FL250506,Dillon Henry,M,31,No
507,FL250507,James Todd,M,21,No
508,FL250508,Clifford Moore MD,M,33,No
509,FL250509,John Rios,M,57,
510,FL250510,Anthony Gaines,M,52,No
511,FL250511,Kristi Brown DVM,F,21,Yes
512,FL250512,Ashley Odonnell,F,36,No
513,FL250513,Ronald Elliott,M,33,No
514,FL250514,Lorraine Lowery,F,54,
515,FL250515,Victoria Chapman,F,33,
516,FL250516,Heather Davis,F,36,Yes
517,FL250517,Diana Chase,F,36,No
518,FL250518,Danielle Adkins,F,43,
519,FL250519,Kenneth Arias,M,52,Yes
520,FL250520,Victoria Owen,F,28,Yes
521,FL250521,Christina King,F,47,No
522,FL250522,Samantha King,F,30,No
523,FL250523,Scott Compton,M,36,No
524,FL250524,Monica West,F,45,
525,FL250525,Theresa Stewart,F,51,Yes
526,FL250526,Steven Kim,M,46,Yes
527,FL250527,Kristi Knight,F,38,
528,FL250528,Jason Bryant,M,26,Yes
529,FL250529,Maureen Keith,F,40,
530,FL250530,Shawn Hogan,M,37,Yes
531,FL250531,William Davis,M,28,Yes
532,FL250532,Stacy Bailey,F,48,No
533,FL250533,Thomas Dixon,M,22,
534,FL250534,Maria Hall,F,41,
535,FL250535,Tony Lee,M,38,No
536,FL250536,Catherine Mccoy MD,F,31,
537,FL250537,Maria Benitez,F,30,No
538,FL250538,Joshua Chambers,M,51,
539,FL250539,Janice Daniels,F,21,No
540,FL250540,Carla Wood,F,20,Yes
541,FL250541,Kenneth Vasquez,M,30,No
542,FL250542,Kevin Smith,M,41,No
543,FL250543,Thomas Kim,M,22,No
544,FL250544,Sean Park,M,45,No
545,FL250545,Judith Poole,F,22,No
546,FL250546,Melanie Baird,F,20,No
547,FL250547,Erika Mitchell,F,20,Yes
548,FL250548,Ricky Martinez,M,21,No
549,FL250549,John Christian,M,22,No
550,FL250550,Nancy Smith,F,28,Yes
551,FL250551,Cassandra Stephens,F,59,No
552,FL250552,Miss Janet Donovan MD,F,28,No
553,FL250553,Kristina Williams,F,40,
554,FL250554,Wayne Barnes,M,57,No
555,FL250555,James Hinton,M,47,Yes
556,FL250556,David Spence,M,48,Yes
557,FL250557,Tyler Cooper,M,28,
558,FL250558,Sean Martinez,M,41,Yes
559,FL250559,Janet Barron,F,57,No
560,FL250560,Rodney Wilson,M,60,
561,FL250561,Kimberly Fitzgerald,F,48,Yes
562,FL250562,Nicole Davis,F,24,No
563,FL250563,Elizabeth Hayes,F,33,Yes
564,FL250564,Kathy Faulkner,F,20,Yes
565,FL250565,John Gonzales,M,59,No
566,FL250566,Shannon Luna,F,42,No
567,FL250567,Stephanie Burton,F,22,
568,FL250568,Kevin Gonzales,M,41,Yes
569,FL250569,Dawn Hardy,F,25,
570,FL250570,Margaret Perkins,F,38,No
571,FL250571,Amanda Vargas,F,43,No
572,FL250572,Tonya Gonzalez,F,54,Yes
573,FL250573,Elizabeth Bowman,F,31,No
574,FL250574,Ariana Pittman,F,56,
575,FL250575,Antonio Johnson,M,46,Yes
576,FL250576,Justin Lang,M,60,Yes
577,FL250577,Kelli Ramirez,F,28,Yes
578,FL250578,Deborah Torres,F,43,
579,FL250579,Joseph Horn,M,41,
580,FL250580,Christopher Robinson,M,41,No
581,FL250581,Sandra Mccormick,F,40,No
582,FL250582,Michael Holland,M,45,Yes
583,FL250583,Kenneth Stevenson,M,47,
584,FL250584,Timothy Bennett,M,34,No
585,FL250585,Gregory Randall,M,47,
586,FL250586,Charles Martinez,M,32,
587,FL250587,James Hall,M,28,
588,FL250588,Michael Garcia,M,32,
589,FL250589,Michele Duran,F,49,Yes
590,FL250590,Jessica Gray,F,36,
591,FL250591,Keith Shaffer,M,59,No
592,FL250592,Jessica Decker,F,52,No
593,FL250593,Brianna Pittman,F,24,Yes
594,FL250594,Kimberly Hunter,F,26,Yes
595,FL250595,Daniel Martin,M,55,Yes
596,FL250596,Rachel Smith,F,56,No
597,FL250597,Michael Miller,M,36,Yes
598,FL250598,Willie Clark,M,48,No
599,FL250599,Jeremy Hernandez,M,55,Yes
600,FL250600,Tina Shelton,F,56,
601,FL250601,Dr. Pamela Larson,F,28,
602,FL250602,Ryan Ewing,M,60,
603,FL250603,Mark Cochran,M,34,No
604,FL250604,Martha Carson,F,38,Yes
605,FL250605,Heather Jackson,F,51,
606,FL250606,Megan Young,F,21,
607,FL250607,Thomas Davis,M,35,Yes
608,FL250608,Thomas Mooney,M,27,
609,FL250609,Susan Smith,F,42,No
610,FL250610,Brianna Orr,F,52,No
611,FL250611,Dustin Smith,M,53,Yes
612,FL250612,Sarah White,F,54,No
613,FL250613,Michael Davis,M,51,Yes
614,FL250614,Jennifer Phillips,F,30,No
615,FL250615,Dana Sanders,F,45,
616,FL250616,Daniel Quinn,M,57,Yes
617,FL250617,Matthew Steele,M,38,Yes
618,FL250618,Michele Taylor,F,42,
619,FL250619,Ashley Hammond,F,30,
620,FL250620,Nicole Taylor,F,43,Yes
621,FL250621,Casey Bush,M,22,No
622,FL250622,Samuel Patterson,M,57,
623,FL250623,Craig Dennis,M,44,No
624,FL250624,Heidi Dixon,F,46,Yes
625,FL250625,David Bishop,M,,No
626,FL250626,Laura Butler,F,34,No
627,FL250627,Denise Erickson,F,46,Yes
628,FL250628,Nicole Austin,F,22,
629,FL250629,Summer Williams,F,23,
630,FL250630,Angela Blackwell,F,60,Yes
631,FL250631,Thomas Wall,M,20,No
632,FL250632,Sarah Anderson,F,41,No
633,FL250633,Christian Lane,M,24,No
634,FL250634,Todd Casey,M,44,Yes
635,FL250635,David Martinez,M,52,Yes
636,FL250636,Donald Salas,M,35,No
637,FL250637,Emma Hicks,F,24,No
638,FL250638,Alison Clark,F,46,No
639,FL250639,Andrew Barnes,M,57,
640,FL250640,Gina Snyder,F,49,No
641,FL250641,David Watson,M,41,
642,FL250642,John Davis,M,22,Yes
643,FL250643,Joseph Thomas,M,50,Yes
644,FL250644,Dean Finley,M,57,No
645,FL250645,Ashley Kemp,F,47,Yes
646,FL250646,Kenneth Evans,M,24,Yes
647,FL250647,Brandon Newman,M,,Yes
648,FL250648,Katie Hensley,F,50,No
649,FL250649,Joel Randolph,M,46,Yes
650,FL250650,Andrew Scott,M,51,No
651,FL250651,Zachary Ochoa,M,51,No
652,FL250652,John Arroyo,M,27,
653,FL250653,Matthew Fernandez,M,42,
654,FL250654,Benjamin Stark,M,25,Yes
655,FL250655,Tammy Greer,F,32,No
656,FL250656,Cynthia Mckinney,F,59,
657,FL250657,Wendy Rice,F,59,
658,FL250658,Randy Bender,M,29,Yes
659,FL250659,Richard Dominguez,M,58,No
660,FL250660,Melissa Maldonado,F,56,No
661,FL250661,Leah Harris,F,36,Yes
662,FL250662,Lynn French,F,52,Yes
663,FL250663,Angela Johnson,F,42,
664,FL250664,Sarah Edwards,F,59,Yes
665,FL250665,Roy Collins,M,33,Yes
666,FL250666,Samantha Porter,F,55,Yes
667,FL250667,Juan Elliott,M,47,No
668,FL250668,Elizabeth Phillips,F,29,Yes
669,FL250669,Laura Evans,F,30,Yes
670,FL250670,Amanda Mitchell,F,25,No
671,FL250671,Sandra Williams,F,28,Yes
672,FL250672,Eric Johnson,M,29,
673,FL250673,Javier Hobbs,M,30,Yes
674,FL250674,Jacob Jones,M,47,No
675,FL250675,Zachary Murphy,M,34,
676,FL250676,Joshua Owens,M,45,No
677,FL250677,Dawn Mitchell,F,56,
678,FL250678,Regina Dunn,F,49,No
679,FL250679,Ernest Cole,M,48,
680,FL250680,Hannah Sanders,F,29,Yes
681,FL250681,Ellen Bowman,F,49,Yes
682,FL250682,Nancy Moore,F,22,Yes
683,FL250683,Joseph Wood,M,52,
684,FL250684,Michael Harrell,M,60,No
685,FL250685,Connie Mcclain,F,33,Yes
686,FL250686,Matthew Baldwin,M,52,
687,FL250687,Danielle Nelson,F,25,
688,FL250688,Steven Moore,M,33,
689,FL250689,Megan Hudson,F,33,Yes
690,FL250690,Lisa Johnson,F,52,No
691,FL250691,Tracy White,F,20,No
692,FL250692,Natalie Diaz,F,43,Yes
693,FL250693,Amanda Mitchell,F,31,No
694,FL250694,Karen Scott,F,29,No
695,FL250695,Mary Brown,F,53,Yes
696,FL250696,Jon Jones,M,38,No
697,FL250697,Jason Phillips,M,29,No
698,FL250698,Eric Walsh,M,42,
699,FL250699,Carol Schneider,F,54,No
700,FL250700,Juan Hines,M,56,Yes
701,FL250701,Martha Sweeney,F,47,No
702,FL250702,Jason Weaver,M,45,No
703,FL250703,Benjamin Stevens,M,45,
704,FL250704,Daniel Lopez,M,35,
705,FL250705,John Simpson,M,51,No
706,FL250706,Katrina Schultz,F,34,Yes
707,FL250707,Danielle Bell,F,51,Yes
708,FL250708,Jason Brady,M,58,Yes
709,FL250709,Megan Bright,F,36,Yes
710,FL250710,David Griffin,M,,Yes
711,FL250711,Michael Clark,M,56,Yes
712,FL250712,Rebecca Barker,F,58,Yes
713,FL250713,Angela Smith,F,58,No
714,FL250714,Christina Wright,F,54,No
715,FL250715,Todd Turner,M,53,Yes
716,FL250716,Elizabeth Green,F,43,
717,FL250717,Alex Smith,M,44,Yes
718,FL250718,Shane Hale,M,34,Yes
719,FL250719,Kathy Grimes,F,27,Yes
720,FL250720,David Cherry,M,50,Yes
721,FL250721,Rachel Rogers,F,52,No
722,FL250722,Travis Braun,M,57,Yes
723,FL250723,Shawna Palmer,F,53,
724,FL250724,Bradley Gaines,M,51,Yes
725,FL250725,April Ford,F,37,Yes
726,FL250726,James Gonzalez,M,40,
727,FL250727,John Castillo,M,60,No
728,FL250728,Ian Hayes,M,60,Yes
729,FL250729,Christine Castro,F,53,Yes
730,FL250730,Jessica Chaney,F,20,Yes
731,FL250731,John Gray,M,42,
732,FL250732,Shane Booker,M,21,No
733,FL250733,Kyle Hall,M,39,No
734,FL250734,Ronald Munoz,M,32,No
735,FL250735,Christopher Long,M,35,No
736,FL250736,Sandra Ali,F,35,No
737,FL250737,Jessica Garza,F,23,No
738,FL250738,Gregory Waters,M,26,No
739,FL250739,Misty Adams,F,34,Yes
740,FL250740,Megan Brown,F,34,
741,FL250741,Gregory Brown,M,57,
742,FL250742,Scott Alexander MD,M,46,No
743,FL250743,Eric Nguyen,M,55,No
744,FL250744,Wendy Boyer,F,32,
745,FL250745,Mark Clark,M,53,Yes
746,FL250746,Carl Kline,M,59,Yes
747,FL250747,Linda Williams,F,44,No
748,FL250748,Jason Edwards,M,35,No
749,FL250749,Madison Mcintosh,F,42,Yes
750,FL250750,Desiree Winters,F,58,No
751,FL250751,Ryan Taylor,M,41,Yes
752,FL250752,Patricia Scott,F,,Yes
753,FL250753,Erin Jimenez,F,23,Yes
754,FL250754,Anthony Krause,M,51,Yes
755,FL250755,Diane Dean,F,42,
756,FL250756,Stuart Mckinney,M,26,No
757,FL250757,Kellie Le,F,49,
758,FL250758,Lauren Henry,F,37,No
759,FL250759,Brandon Fox,M,31,No
760,FL250760,Richard Smith,M,51,Yes
761,FL250761,John White,M,60,
762,FL250762,Gilbert Mcintyre,M,51,Yes
763,FL250763,Christopher Sparks,M,37,Yes
764,FL250764,Aaron Hicks,M,52,
765,FL250765,Jose Patterson,M,27,No
766,FL250766,Bryan Long,M,48,No
767,FL250767,Tammy Gomez,F,22,Yes
768,FL250768,Diana Raymond,F,48,No
769,FL250769,Jessica Armstrong,F,54,
770,FL250770,Amanda Martin,F,52,No
771,FL250771,Anne Hamilton,F,39,Yes
772,FL250772,Heather Curtis,F,54,
773,FL250773,Tiffany Moses,F,22,
774,FL250774,Jacqueline Moon,F,29,No
775,FL250775,James Campbell,M,23,Yes
776,FL250776,Melissa Vasquez,F,58,Yes
777,FL250777,Katherine Carlson,F,56,
778,FL250778,Adam Clay,M,48,No
779,FL250779,Amy Combs,F,31,Yes
780,FL250780,Anthony Case,M,44,
781,FL250781,Kimberly Brown,F,42,Yes
782,FL250782,Joshua Holloway,M,59,Yes
783,FL250783,Cynthia Walton,F,,Yes
784,FL250784,Shawn Delgado,M,21,No
785,FL250785,Jeremy Smith,M,53,No
786,FL250786,Marc Ortiz,M,35,
787,FL250787,Michelle Gregory,F,25,
788,FL250788,Melanie Gay,F,23,No
789,FL250789,Brittany Lambert,F,56,
790,FL250790,Mary Hernandez,F,31,No
791,FL250791,Jonathan Jones,M,24,
792,FL250792,Gina Williams,F,35,No
793,FL250793,Kelly Lawson,F,20,No
794,FL250794,Keith Smith,M,26,
795,FL250795,Christopher Hunter,M,54,Yes
796,FL250796,Dwayne Parks,M,53,Yes
797,FL250797,Mary Hall,F,33,
798,FL250798,Jake Gilmore,M,43,Yes
799,FL250799,Mark Lopez,M,37,No
800,FL250800,Dana Rice,F,58,
801,FL250801,Beth Young,F,39,No
802,FL250802,Ryan Powell,M,43,Yes
803,FL250803,Amanda Fowler,F,40,
804,FL250804,Lindsay Rivera,F,51,
805,FL250805,Mark Ward,M,23,No
806,FL250806,Amanda Smith,F,31,Yes
807,FL250807,Emily Brown,F,44,Yes
808,FL250808,Dwayne Cardenas,M,56,Yes
809,FL250809,Dr. Rhonda Hernandez,F,48,
810,FL250810,Melody Barker,F,46,
811,FL250811,Russell Carpenter,M,21,No
812,FL250812,Richard Hill,M,52,Yes
813,FL250813,Lindsay Potts,F,39,Yes
814,FL250814,Michelle Campbell,F,31,No
815,FL250815,Alan Williams,M,22,
816,FL250816,Robin Hinton,F,38,No
817,FL250817,Brian Holland,M,44,No
818,FL250818,Adam Stone,M,53,No
819,FL250819,Curtis Lambert,M,22,No
820,FL250820,Alexandra Sims,F,40,Yes
821,FL250821,Brenda Spencer,F,49,
822,FL250822,Joshua Bush,M,30,No
823,FL250823,Erin Martin,F,37,
824,FL250824,Alexander Hogan,M,21,
825,FL250825,William Harris,M,20,Yes
826,FL250826,Michael Mcmahon,M,20,No
827,FL250827,Michael Watson,M,20,
828,FL250828,Lori Perez,F,26,
829,FL250829,Lindsay Le,F,50,
830,FL250830,Scott Long,M,50,
831,FL250831,Diana Ferguson,F,54,Yes
832,FL250832,Joseph Miller,M,54,Yes
833,FL250833,Julia Reid,F,34,
834,FL250834,Samantha Matthews,F,20,Yes
835,FL250835,Brian Bailey,M,29,No
836,FL250836,Toni Hinton,F,57,No
837,FL250837,Robin Ortiz,F,36,No
838,FL250838,Adam Griffith,M,51,No
839,FL250839,Daniel Roberson,M,44,No
840,FL250840,Dale Haynes,M,58,Yes
841,FL250841,Emily Scott,F,38,Yes
842,FL250842,David Brown,M,24,Yes
843,FL250843,Stephanie Guzman,F,30,No
844,FL250844,Maxwell Johnson,M,25,No
845,FL250845,Reginald Stephens,M,54,No
846,FL250846,Justin Jones,M,54,Yes
847,FL250847,Kristine Garcia,F,53,No
848,FL250848,John Nguyen,M,22,Yes
849,FL250849,Anna Fleming,F,23,No
850,FL250850,Linda Williamson,F,47,No
851,FL250851,Roy Wilson,M,24,Yes
852,FL250852,Jennifer Pierce,F,57,
853,FL250853,Jason Johnson,M,48,No
854,FL250854,Jasmine Lane,F,21,No
855,FL250855,Evan Soto,M,33,
856,FL250856,Kevin Serrano,M,41,No
857,FL250857,Nathaniel Benson,M,40,No
858,FL250858,Deanna Miles,F,40,No
859,FL250859,Beverly Roy,F,20,No
860,FL250860,Heather Saunders,F,42,
861,FL250861,Nicholas Guerrero,M,32,Yes
862,FL250862,Christopher Johnson,M,60,
863,FL250863,Steven Flowers,M,46,Yes
864,FL250864,Marvin Woods III,M,29,No
865,FL250865,Michelle Cook,F,39,Yes
866,FL250866,Logan Zamora,M,55,Yes
867,FL250867,Casey Roberts,M,55,Yes
868,FL250868,Jerry Price,M,40,Yes
869,FL250869,Kelly Ellis,F,56,
870,FL250870,Caleb Guerra,M,57,No
871,FL250871,Samantha Norman,F,56,No
872,FL250872,Sarah Clarke,F,49,Yes
873,FL250873,Aaron Blair,M,26,Yes
874,FL250874,Courtney Burton,F,36,
875,FL250875,Gerald Taylor,M,20,
876,FL250876,Mary Ward,F,40,Yes
877,FL250877,Mrs. Lisa Beard DVM,F,30,
878,FL250878,Larry Wallace,M,51,Yes
879,FL250879,Jeremiah Thompson,M,46,Yes
880,FL250880,Mrs. Jessica Williams DVM,F,25,No
881,FL250881,Martin Moreno,M,53,Yes
882,FL250882,Yolanda Proctor,F,50,Yes
883,FL250883,Allen Turner,M,45,
884,FL250884,Beth Huff,F,48,Yes
885,FL250885,John Mckinney,M,30,
886,FL250886,Sarah Ho,F,33,No
887,FL250887,Lindsey Wang,F,50,Yes
888,FL250888,Margaret Schwartz,F,24,No
889,FL250889,Kyle Ray,M,38,No
890,FL250890,Isaac Hebert,M,56,No
891,FL250891,Michele Jones,F,41,No
892,FL250892,Austin Allen,M,,Yes
893,FL250893,Haley Castro,F,42,
894,FL250894,David Armstrong,M,26,
895,FL250895,Wendy Mitchell,F,44,Yes
896,FL250896,Anthony Hernandez,M,46,
897,FL250897,Erica Johnson,F,36,No
898,FL250898,Randall Barrett,M,26,No
899,FL250899,Nathan Huff,M,21,Yes
900,FL250900,Robin Walsh,F,39,No
901,FL250901,Yvonne Robinson,F,37,No
902,FL250902,Kathleen Hendrix,F,47,Yes
903,FL250903,Jennifer Baker,F,53,No
904,FL250904,Kim Martinez,F,53,No
905,FL250905,Andrew Little,M,21,
906,FL250906,Kelly Shelton,F,35,Yes
907,FL250907,Steven Duncan,M,31,
908,FL250908,Kristen Haney,F,55,Yes
909,FL250909,Kathy Reese,F,59,Yes
910,FL250910,Steven Murphy,M,59,No
911,FL250911,William Hartman,M,47,
912,FL250912,Sonya Haley,F,53,Yes
913,FL250913,Robert Evans,M,49,Yes
914,FL250914,Patricia Richardson,F,50,Yes
915,FL250915,Carolyn Lopez,F,59,No
916,FL250916,Kyle Burns,M,33,
917,FL250917,Margaret Garcia,F,45,Yes
918,FL250918,Brittany Barker,F,36,No
919,FL250919,Paul Campbell,M,46,No
920,FL250920,Amy Morrow,F,53,
921,FL250921,Amy Fitzgerald,F,24,
922,FL250922,Anita Becker,F,49,
923,FL250923,Mrs. Amy Brooks,F,49,No
924,FL250924,Lori Marshall,F,49,
925,FL250925,Jennifer Miller,F,58,Yes
926,FL250926,Thomas Young,M,50,Yes
927,FL250927,Zachary Larsen,M,27,Yes
928,FL250928,Valerie Gutierrez,F,20,Yes
929,FL250929,Daniel Parker,M,52,Yes
930,FL250930,Nicole Bennett,F,22,No
931,FL250931,Lauren Lowery,F,38,
932,FL250932,Alexander Woodward,M,21,No
933,FL250933,Anthony Walter,M,41,
934,FL250934,Valerie Finley,F,33,Yes
935,FL250935,Deborah Kelley,F,38,
936,FL250936,Kristina Miller,F,26,Yes
937,FL250937,Anne Hampton,F,43,Yes
938,FL250938,Sandra Henry,F,21,Yes
939,FL250939,Tony Hester,M,47,
940,FL250940,Nathan Davis,M,35,Yes
941,FL250941,Erica Jackson,F,37,Yes
942,FL250942,Nancy Glover,F,38,
943,FL250943,Richard Sanchez,M,40,No
944,FL250944,Savannah Reid,F,46,No
945,FL250945,Robert Salazar,M,56,No
946,FL250946,Hector Greer,M,24,No
947,FL250947,Thomas Jackson,M,,
948,FL250948,Tina Clark,F,38,Yes
949,FL250949,Heather Brown,F,28,
950,FL250950,John Weaver,M,25,
951,FL250951,Bradley Harris,M,41,No
952,FL250952,Cassandra Macdonald,F,45,Yes
953,FL250953,Matthew White,M,47,No
954,FL250954,Miss Kimberly Marshall,F,59,
955,FL250955,Laura Thompson,F,25,Yes
956,FL250956,Nathan Soto,M,27,Yes
957,FL250957,Rhonda Hines,F,57,Yes
958,FL250958,Gabrielle Bowman,F,34,Yes
959,FL250959,Julian Edwards,M,55,
960,FL250960,Nicholas Scott,M,21,Yes
961,FL250961,Daniel Green,M,53,Yes
962,FL250962,Catherine Johnston,F,21,Yes
963,FL250963,Brenda Koch,F,36,No
964,FL250964,Mr. Robert Meza,M,40,Yes
965,FL250965,Latoya Brown,F,59,
966,FL250966,David Osborne III,M,45,
967,FL250967,David Hooper,M,44,No
968,FL250968,Sarah Miller,F,36,No
969,FL250969,Lisa Werner MD,F,26,Yes
970,FL250970,Eric Jimenez,M,49,No
971,FL250971,Jay Bush,M,29,
972,FL250972,Johnny Rice,M,32,Yes
973,FL250973,Matthew Strong,M,24,No
974,FL250974,Mark Chandler,M,35,Yes
975,FL250975,Crystal Brown,F,43,No
976,FL250976,Timothy Barton,M,53,No
977,FL250977,Lisa Hickman,F,38,No
978,FL250978,Alan Mendoza,M,57,No
979,FL250979,Jason Sanders,M,27,
980,FL250980,Charles Dean,M,43,Yes
981,FL250981,Blake Newton,M,48,
982,FL250982,David Gonzalez,M,26,No
983,FL250983,Cindy Williams,F,,No
984,FL250984,Laura Wong DDS,F,50,No
985,FL250985,Robert Moran,M,48,Yes
986,FL250986,Bradley Wu,M,60,
987,FL250987,Daniel Thomas,M,26,Yes
988,FL250988,Michelle Peterson,F,35,Yes
989,FL250989,Seth Thomas,M,23,Yes
990,FL250990,Evan Ramos,M,37,
991,FL250991,Michelle Solis,F,21,Yes
992,FL250992,Charlotte Taylor,F,58,
993,FL250993,Sandra Preston,F,52,No
994,FL250994,Jim Weiss,M,46,
995,FL250995,Jennifer Hinton,F,34,Yes
996,FL250996,Albert Wilcox,M,56,No
997,FL250997,Cheryl Norris,F,26,No
998,FL250998,Kathy Watkins,F,37,
999,FL250999,John Obrien,M,46,Yes
1000,FL251000,Dawn Green,F,36,Yes
